<?xml version="1.0"?>
<catalogo>
   <livro id="bk101">
      <Autor>Gambardella, Matthew</Autor>
      <Titulo>XML Developer's Guide</Titulo>
      <Genero>Computer</Genero>
      <Preco>44.95</Preco>
      <Data_publicacao>2000-10-01</Data_publicacao>
      <Descricao>An in-depth look at creating applications 
      with XML.</Descricao>
   </livro>
   <livro id="bk102">
      <Autor>Ralls, Kim</Autor>
      <Titulo>Midnight Rain</Titulo>
      <Genero>Fantasy</Genero>
      <Preco>5.95</Preco>
      <Data_publicacao>2000-12-16</Data_publicacao>
      <Descricao>A former architect battles corporate zombies, 
      an evil sorceress, and her own childhood to become queen 
      of the world.</Descricao>
   </livro>
   <livro id="bk103">
      <Autor>Corets, Eva</Autor>
      <Titulo>Maeve Ascendant</Titulo>
      <Genero>Fantasy</Genero>
      <Preco>5.95</Preco>
      <Data_publicacao>2000-11-17</Data_publicacao>
      <Descricao>After the collapse of a nanotechnology 
      society in England, the young survivors lay the 
      foundation for a new society.</Descricao>
   </livro>
   <livro id="bk104">
      <Autor>Corets, Eva</Autor>
      <Titulo>Oberon's Legacy</Titulo>
      <Genero>Fantasy</Genero>
      <Preco>5.95</Preco>
      <Data_publicacao>2001-03-10</Data_publicacao>
      <Descricao>In post-apocalypse England, the mysterious 
      agent known only as Oberon helps to create a new life 
      for the inhabitants of London. Sequel to Maeve 
      Ascendant.</Descricao>
   </livro>
   <livro id="bk105">
      <Autor>Corets, Eva</Autor>
      <Titulo>The Sundered Grail</Titulo>
      <Genero>Fantasy</Genero>
      <Preco>5.95</Preco>
      <Data_publicacao>2001-09-10</Data_publicacao>
      <Descricao>The two daughters of Maeve, half-sisters, 
      battle one another for control of England. Sequel to 
      Oberon's Legacy.</Descricao>
   </livro>
   <livro id="bk106">
      <Autor>Randall, Cynthia</Autor>
      <Titulo>Lover Birds</Titulo>
      <Genero>Romance</Genero>
      <Preco>4.95</Preco>
      <Data_publicacao>2000-09-02</Data_publicacao>
      <Descricao>When Carla meets Paul at an ornithology 
      conference, tempers fly as feathers get ruffled.</Descricao>
   </livro>
   <livro id="bk107">
      <Autor>Thurman, Paula</Autor>
      <Titulo>Splish Splash</Titulo>
      <Genero>Romance</Genero>
      <Preco>4.95</Preco>
      <Data_publicacao>2000-11-02</Data_publicacao>
      <Descricao>A deep sea diver finds true love twenty 
      thousand leagues beneath the sea.</Descricao>
   </livro>
   <livro id="bk108">
      <Autor>Knorr, Stefan</Autor>
      <Titulo>Creepy Crawlies</Titulo>
      <Genero>Horror</Genero>
      <Preco>4.95</Preco>
      <Data_publicacao>2000-12-06</Data_publicacao>
      <Descricao>An anthology of horror stories about roaches,
      centipedes, scorpions  and other insects.</Descricao>
   </livro>
   <livro id="bk109">
      <Autor>Kress, Peter</Autor>
      <Titulo>Paradox Lost</Titulo>
      <Genero>Science Fiction</Genero>
      <Preco>6.95</Preco>
      <Data_publicacao>2000-11-02</Data_publicacao>
      <Descricao>After an inadvertant trip through a Heisenberg
      Uncertainty Device, James Salway discovers the problems 
      of being quantum.</Descricao>
   </livro>
   <livro id="bk110">
      <Autor>O'Brien, Tim</Autor>
      <Titulo>Microsoft .NET: The Programming Bible</Titulo>
      <Genero>Computer</Genero>
      <Preco>36.95</Preco>
      <Data_publicacao>2000-12-09</Data_publicacao>
      <Descricao>Microsoft's .NET initiative is explored in 
      detail in this deep programmer's reference.</Descricao>
   </livro>
   <livro id="bk111">
      <Autor>O'Brien, Tim</Autor>
      <Titulo>MSXML3: A Comprehensive Guide</Titulo>
      <Genero>Computer</Genero>
      <Preco>36.95</Preco>
      <Data_publicacao>2000-12-01</Data_publicacao>
      <Descricao>The Microsoft MSXML3 parser is covered in 
      detail, with attention to XML DOM interfaces, XSLT processing, 
      SAX and more.</Descricao>
   </livro>
   <livro id="bk112">
      <Autor>Galos, Mike</Autor>
      <Titulo>Visual Studio 7: A Comprehensive Guide</Titulo>
      <Genero>Computer</Genero>
      <Preco>49.95</Preco>
      <Data_publicacao>2001-04-16</Data_publicacao>
      <Descricao>Microsoft Visual Studio 7 is explored in depth,
      looking at how Visual Basic, Visual C++, C#, and ASP+ are 
      integrated into a comprehensive development 
      environment.</Descricao>
   </livro>
</catalogo>